[
    {"handlingStaff":"Anna Chan","pendingCustomers":"24","pendingBBO":"12","pendingCM":"24","pendingSD":"12","pendingBA":"24","pendingMaintenance":"12","totalNo":"24","averageAgingTime":"24"},
    {"handlingStaff":"Anna li",  "pendingCustomers":"34","pendingBBO":"12","pendingCM":"24","pendingSD":"12","pendingBA":"24","pendingMaintenance":"12","totalNo":"24","averageAgingTime":"24"},
    {"handlingStaff":"Anna wang","pendingCustomers":"44","pendingBBO":"12","pendingCM":"24","pendingSD":"12","pendingBA":"24","pendingMaintenance":"12","totalNo":"24","averageAgingTime":"24"},
    {"handlingStaff":"Anna zhao","pendingCustomers":"24","pendingBBO":"12","pendingCM":"24","pendingSD":"12","pendingBA":"24","pendingMaintenance":"12","totalNo":"24","averageAgingTime":"24"},
    {"handlingStaff":"Bsdds zhao","pendingCustomers":"74","pendingBBO":"12","pendingCM":"24","pendingSD":"12","pendingBA":"24","pendingMaintenance":"12","totalNo":"24","averageAgingTime":"24"},
    {"handlingStaff":"wAww zhao","pendingCustomers":"84","pendingBBO":"12","pendingCM":"24","pendingSD":"12","pendingBA":"24","pendingMaintenance":"12","totalNo":"24","averageAgingTime":"24"},
    {"handlingStaff":"zdf zhao","pendingCustomers":"24","pendingBBO":"12","pendingCM":"24","pendingSD":"12","pendingBA":"24","pendingMaintenance":"12","totalNo":"24","averageAgingTime":"24"},
    {"handlingStaff":"Anna zhao","pendingCustomers":"24","pendingBBO":"12","pendingCM":"24","pendingSD":"12","pendingBA":"24","pendingMaintenance":"12","totalNo":"24","averageAgingTime":"24"},
    {"handlingStaff":"Anna zhao","pendingCustomers":"54","pendingBBO":"12","pendingCM":"24","pendingSD":"12","pendingBA":"24","pendingMaintenance":"12","totalNo":"24","averageAgingTime":"24"},
    {"handlingStaff":"Anna zhao","pendingCustomers":"24","pendingBBO":"12","pendingCM":"24","pendingSD":"12","pendingBA":"24","pendingMaintenance":"12","totalNo":"24","averageAgingTime":"24"},
    {"handlingStaff":"Anna zhao","pendingCustomers":"24","pendingBBO":"12","pendingCM":"24","pendingSD":"12","pendingBA":"24","pendingMaintenance":"12","totalNo":"24","averageAgingTime":"24"},
    {"handlingStaff":"Anna zhao","pendingCustomers":"64","pendingBBO":"12","pendingCM":"24","pendingSD":"12","pendingBA":"24","pendingMaintenance":"12","totalNo":"24","averageAgingTime":"24"},
    {"handlingStaff":"Anna zhao","pendingCustomers":"24","pendingBBO":"12","pendingCM":"24","pendingSD":"12","pendingBA":"24","pendingMaintenance":"12","totalNo":"24","averageAgingTime":"24"},
    {"handlingStaff":"Anna zhao","pendingCustomers":"214","pendingBBO":"12","pendingCM":"24","pendingSD":"12","pendingBA":"24","pendingMaintenance":"12","totalNo":"24","averageAgingTime":"24"},
    {"handlingStaff":"Anna zhao","pendingCustomers":"94","pendingBBO":"12","pendingCM":"24","pendingSD":"12","pendingBA":"24","pendingMaintenance":"12","totalNo":"24","averageAgingTime":"24"},
    {"handlingStaff":"Anna zhao","pendingCustomers":"24","pendingBBO":"12","pendingCM":"24","pendingSD":"12","pendingBA":"24","pendingMaintenance":"12","totalNo":"24","averageAgingTime":"24"}
]